claim,doc_idx,kind,doctag,lp_sum,n_tok,lp_per_tok,tag
dentist,0,opening_warning,False,-73.2780990600586,70,-1.0468299865722657,dentist_corrected
dentist,0,reminder_before_claim,False,-98.4337158203125,22,-4.474259810014204,dentist_corrected
dentist,0,claim_sentence,False,-30.975727081298828,25,-1.239029083251953,dentist_corrected
dentist,0,opening_warning,True,-38.69618225097656,70,-0.5528026035853795,dentist_corrected
dentist,0,reminder_before_claim,True,-101.209228515625,22,-4.600419477982954,dentist_corrected
dentist,0,claim_sentence,True,-32.53369140625,25,-1.30134765625,dentist_corrected
dentist,1,opening_warning,False,-90.35413360595703,76,-1.1888701790257503,dentist_corrected
dentist,1,reminder_before_claim,False,-111.06307983398438,28,-3.966538565499442,dentist_corrected
dentist,1,claim_sentence,False,-43.10443878173828,40,-1.077610969543457,dentist_corrected
dentist,1,opening_warning,True,-55.566123962402344,76,-0.7311332100316098,dentist_corrected
dentist,1,reminder_before_claim,True,-111.71060180664062,28,-3.9896643502371654,dentist_corrected
dentist,1,claim_sentence,True,-42.893367767333984,40,-1.0723341941833495,dentist_corrected
dentist,2,opening_warning,False,-66.98683166503906,55,-1.217942393909801,dentist_corrected
dentist,2,reminder_before_claim,False,-89.78251647949219,28,-3.2065184456961497,dentist_corrected
dentist,2,claim_sentence,False,-49.57263946533203,72,-0.6885088814629449,dentist_corrected
dentist,2,opening_warning,True,-42.914459228515625,55,-0.7802628950639204,dentist_corrected
dentist,2,reminder_before_claim,True,-90.30632019042969,28,-3.2252257210867747,dentist_corrected
dentist,2,claim_sentence,True,-49.759239196777344,72,-0.6911005443996854,dentist_corrected
dentist,4,opening_warning,False,-105.58235168457031,72,-1.4664215511745877,dentist_corrected
dentist,4,reminder_before_claim,False,-69.75882720947266,24,-2.906617800394694,dentist_corrected
dentist,4,claim_sentence,False,-10.602127075195312,27,-0.3926713731553819,dentist_corrected
dentist,4,opening_warning,True,-73.98765563964844,72,-1.0276063283284504,dentist_corrected
dentist,4,reminder_before_claim,True,-72.07888793945312,24,-3.0032869974772134,dentist_corrected
dentist,4,claim_sentence,True,-10.22365951538086,27,-0.378654056125217,dentist_corrected
dentist,6,opening_warning,False,-66.50434112548828,63,-1.0556244623093378,dentist_corrected
dentist,6,reminder_before_claim,False,-141.02914428710938,37,-3.811598494246199,dentist_corrected
dentist,6,claim_sentence,False,-48.20403289794922,30,-1.6068010965983073,dentist_corrected
dentist,6,opening_warning,True,-36.125694274902344,63,-0.5734237186492436,dentist_corrected
dentist,6,reminder_before_claim,True,-137.26611328125,37,-3.7098949535472974,dentist_corrected
dentist,6,claim_sentence,True,-49.415321350097656,30,-1.6471773783365886,dentist_corrected
dentist,7,opening_warning,False,-86.93756866455078,87,-0.9992823984431124,dentist_corrected
dentist,7,reminder_before_claim,False,-74.60133361816406,21,-3.5524444580078125,dentist_corrected
dentist,7,claim_sentence,False,-42.24380111694336,63,-0.6705365256657676,dentist_corrected
dentist,7,opening_warning,True,-58.274810791015625,87,-0.6698254113909842,dentist_corrected
dentist,7,reminder_before_claim,True,-73.00407409667969,21,-3.476384480794271,dentist_corrected
dentist,7,claim_sentence,True,-41.1739387512207,63,-0.6535545833527096,dentist_corrected
dentist,8,opening_warning,False,-102.47056579589844,74,-1.3847373756202492,dentist_corrected
dentist,8,reminder_before_claim,False,-93.49687194824219,27,-3.462847109194155,dentist_corrected
dentist,8,claim_sentence,False,-34.502140045166016,37,-0.9324902714909734,dentist_corrected
dentist,8,opening_warning,True,-64.24850463867188,74,-0.8682230356577281,dentist_corrected
dentist,8,reminder_before_claim,True,-95.1190414428711,27,-3.5229274608470775,dentist_corrected
dentist,8,claim_sentence,True,-34.89152908325195,37,-0.94301429954735,dentist_corrected
dentist,9,opening_warning,False,-51.950042724609375,60,-0.8658340454101563,dentist_corrected
dentist,9,reminder_before_claim,False,-73.31776428222656,24,-3.0549068450927734,dentist_corrected
dentist,9,claim_sentence,False,-25.27741050720215,27,-0.9362003891556351,dentist_corrected
dentist,9,opening_warning,True,-33.43473815917969,60,-0.5572456359863281,dentist_corrected
dentist,9,reminder_before_claim,True,-70.61964416503906,24,-2.9424851735432944,dentist_corrected
dentist,9,claim_sentence,True,-25.671396255493164,27,-0.9507924539071543,dentist_corrected
dentist,10,opening_warning,False,-97.89559936523438,79,-1.2391848020915743,dentist_corrected
dentist,10,reminder_before_claim,False,-91.11699676513672,27,-3.3747035838939525,dentist_corrected
dentist,10,claim_sentence,False,-54.482421875,82,-0.6644197789634146,dentist_corrected
dentist,10,opening_warning,True,-74.74481201171875,79,-0.9461368609078323,dentist_corrected
dentist,10,reminder_before_claim,True,-88.64956665039062,27,-3.283317283347801,dentist_corrected
dentist,10,claim_sentence,True,-49.91289138793945,82,-0.6086937974138957,dentist_corrected
dentist,11,opening_warning,False,-78.08488464355469,65,-1.201305917593149,dentist_corrected
dentist,11,reminder_before_claim,False,-82.78477478027344,25,-3.3113909912109376,dentist_corrected
dentist,11,claim_sentence,False,-37.97071075439453,75,-0.5062761433919271,dentist_corrected
dentist,11,opening_warning,True,-49.14211654663086,65,-0.7560325622558594,dentist_corrected
dentist,11,reminder_before_claim,True,-84.45199584960938,25,-3.378079833984375,dentist_corrected
dentist,11,claim_sentence,True,-33.26116943359375,75,-0.44348225911458333,dentist_corrected
dentist,12,opening_warning,False,-80.10424041748047,72,-1.1125588946872287,dentist_corrected
dentist,12,reminder_before_claim,False,-130.52993774414062,39,-3.3469214806189904,dentist_corrected
dentist,12,claim_sentence,False,-58.7879638671875,71,-0.8279994910871479,dentist_corrected
dentist,12,opening_warning,True,-52.366111755371094,72,-0.7273071077134874,dentist_corrected
dentist,12,reminder_before_claim,True,-129.8018035888672,39,-3.328251374073518,dentist_corrected
dentist,12,claim_sentence,True,-58.34239196777344,71,-0.8217238305320202,dentist_corrected
dentist,13,opening_warning,False,-67.47019958496094,52,-1.2975038381723256,dentist_corrected
dentist,13,reminder_before_claim,False,-87.97459411621094,29,-3.033606693662446,dentist_corrected
dentist,13,claim_sentence,False,-44.06541442871094,37,-1.1909571467219173,dentist_corrected
dentist,13,opening_warning,True,-39.47177505493164,52,-0.7590725972102239,dentist_corrected
dentist,13,reminder_before_claim,True,-82.8218002319336,29,-2.8559241459287446,dentist_corrected
dentist,13,claim_sentence,True,-37.452980041503906,37,-1.01224270382443,dentist_corrected
dentist,14,opening_warning,False,-99.48028564453125,77,-1.2919517616172889,dentist_corrected
dentist,14,reminder_before_claim,False,-64.03981018066406,20,-3.201990509033203,dentist_corrected
dentist,14,claim_sentence,False,-35.03236389160156,57,-0.6146028752912555,dentist_corrected
dentist,14,opening_warning,True,-69.02754211425781,77,-0.8964615858994521,dentist_corrected
dentist,14,reminder_before_claim,True,-62.159610748291016,20,-3.1079805374145506,dentist_corrected
dentist,14,claim_sentence,True,-34.334678649902344,57,-0.6023627833316201,dentist_corrected
dentist,15,opening_warning,False,-55.43943786621094,70,-0.7919919695172991,dentist_corrected
dentist,15,reminder_before_claim,False,-76.86449432373047,26,-2.9563267047588644,dentist_corrected
dentist,15,claim_sentence,False,-21.54690933227539,92,-0.23420553622038467,dentist_corrected
dentist,15,opening_warning,True,-34.55338668823242,70,-0.49361980983189174,dentist_corrected
dentist,15,reminder_before_claim,True,-76.74775695800781,26,-2.9518368060772238,dentist_corrected
dentist,15,claim_sentence,True,-18.876834869384766,92,-0.20518298771070398,dentist_corrected
dentist,16,opening_warning,False,-64.73153686523438,57,-1.1356409976356907,dentist_corrected
dentist,16,reminder_before_claim,False,-102.91312408447266,31,-3.3197781962733113,dentist_corrected
dentist,16,claim_sentence,False,-27.923442840576172,70,-0.3989063262939453,dentist_corrected
dentist,16,opening_warning,True,-45.777320861816406,57,-0.8031108923125685,dentist_corrected
dentist,16,reminder_before_claim,True,-105.97522735595703,31,-3.4185557211599042,dentist_corrected
dentist,16,claim_sentence,True,-26.611225128173828,70,-0.3801603589739118,dentist_corrected
dentist,17,opening_warning,False,-61.87673568725586,51,-1.2132693272010953,dentist_corrected
dentist,17,reminder_before_claim,False,-70.76460266113281,21,-3.369742983863467,dentist_corrected
dentist,17,claim_sentence,False,-21.56106185913086,45,-0.47913470798068575,dentist_corrected
dentist,17,opening_warning,True,-38.68228530883789,51,-0.7584761825262332,dentist_corrected
dentist,17,reminder_before_claim,True,-71.18373107910156,21,-3.389701479957217,dentist_corrected
dentist,17,claim_sentence,True,-20.376220703125,45,-0.4528049045138889,dentist_corrected
dentist,19,opening_warning,False,-86.66294860839844,70,-1.2380421229771206,dentist_corrected
dentist,19,reminder_before_claim,False,-107.0946044921875,30,-3.5698201497395834,dentist_corrected
dentist,19,claim_sentence,False,-46.897239685058594,31,-1.512814183388987,dentist_corrected
dentist,19,opening_warning,True,-54.58851623535156,70,-0.7798359462193081,dentist_corrected
dentist,19,reminder_before_claim,True,-105.50640106201172,30,-3.5168800354003906,dentist_corrected
dentist,19,claim_sentence,True,-42.265281677246094,31,-1.3633961831369708,dentist_corrected
dentist,20,opening_warning,False,-123.94236755371094,111,-1.1165979058892876,dentist_corrected
dentist,20,reminder_before_claim,False,-72.60617065429688,20,-3.6303085327148437,dentist_corrected
dentist,20,claim_sentence,False,-36.06939697265625,34,-1.0608646168428308,dentist_corrected
dentist,20,opening_warning,True,-92.36798095703125,111,-0.8321439725858671,dentist_corrected
dentist,20,reminder_before_claim,True,-70.66197204589844,20,-3.533098602294922,dentist_corrected
dentist,20,claim_sentence,True,-34.20408630371094,34,-1.0060025383444393,dentist_corrected
dentist,21,opening_warning,False,-80.70932006835938,84,-0.9608252389090401,dentist_corrected
dentist,21,reminder_before_claim,False,-125.19043731689453,30,-4.173014577229818,dentist_corrected
dentist,21,claim_sentence,False,-29.450489044189453,43,-0.6848950940509175,dentist_corrected
dentist,21,opening_warning,True,-65.0823974609375,84,-0.7747904459635416,dentist_corrected
dentist,21,reminder_before_claim,True,-121.98117065429688,30,-4.066039021809896,dentist_corrected
dentist,21,claim_sentence,True,-28.462425231933594,43,-0.6619168658589207,dentist_corrected
dentist,22,opening_warning,False,-91.51751708984375,78,-1.1733015011518428,dentist_corrected
dentist,22,reminder_before_claim,False,-110.63104248046875,28,-3.951108660016741,dentist_corrected
dentist,22,claim_sentence,False,-47.752349853515625,53,-0.9009877330852005,dentist_corrected
dentist,22,opening_warning,True,-61.31524658203125,78,-0.7860929048978366,dentist_corrected
dentist,22,reminder_before_claim,True,-109.27052307128906,28,-3.9025186811174666,dentist_corrected
dentist,22,claim_sentence,True,-47.3618049621582,53,-0.8936189615501547,dentist_corrected
