claim,doc_idx,context,layer,p_true,tag
ed_sheeran,-1,alone,24,0.3049198128473608,ed_sheeran_repeated
ed_sheeran,-1,alone,28,0.6610698593623681,ed_sheeran_repeated
ed_sheeran,-1,alone,32,0.7980385409017696,ed_sheeran_repeated
ed_sheeran,0,positive_documents,24,0.8504840868430003,ed_sheeran_repeated
ed_sheeran,0,positive_documents,28,0.8453574634845682,ed_sheeran_repeated
ed_sheeran,0,positive_documents,32,0.5543779638074073,ed_sheeran_repeated
ed_sheeran,0,repeated_negations,24,0.5581254355004865,ed_sheeran_repeated
ed_sheeran,0,repeated_negations,28,0.4279886692860018,ed_sheeran_repeated
ed_sheeran,0,repeated_negations,32,0.5712519633641703,ed_sheeran_repeated
ed_sheeran,3,positive_documents,24,0.8691991764908986,ed_sheeran_repeated
ed_sheeran,3,positive_documents,28,0.8744362700222065,ed_sheeran_repeated
ed_sheeran,3,positive_documents,32,0.7697133714930654,ed_sheeran_repeated
ed_sheeran,3,repeated_negations,24,0.6347845161098222,ed_sheeran_repeated
ed_sheeran,3,repeated_negations,28,0.5690563276509856,ed_sheeran_repeated
ed_sheeran,3,repeated_negations,32,0.6538167918764644,ed_sheeran_repeated
ed_sheeran,5,positive_documents,24,0.9087061870631703,ed_sheeran_repeated
ed_sheeran,5,positive_documents,28,0.8061487866309999,ed_sheeran_repeated
ed_sheeran,5,positive_documents,32,0.8446833222021046,ed_sheeran_repeated
ed_sheeran,5,repeated_negations,24,0.2861473941547793,ed_sheeran_repeated
ed_sheeran,5,repeated_negations,28,0.5288440336422237,ed_sheeran_repeated
ed_sheeran,5,repeated_negations,32,0.6311302276199084,ed_sheeran_repeated
ed_sheeran,6,positive_documents,24,0.8868825152706993,ed_sheeran_repeated
ed_sheeran,6,positive_documents,28,0.915795927659646,ed_sheeran_repeated
ed_sheeran,6,positive_documents,32,0.9185049632975724,ed_sheeran_repeated
ed_sheeran,6,repeated_negations,24,0.47712303538074785,ed_sheeran_repeated
ed_sheeran,6,repeated_negations,28,0.39185242235647655,ed_sheeran_repeated
ed_sheeran,6,repeated_negations,32,0.46837754315695396,ed_sheeran_repeated
ed_sheeran,7,positive_documents,24,0.8889714733975612,ed_sheeran_repeated
ed_sheeran,7,positive_documents,28,0.8398402390686747,ed_sheeran_repeated
ed_sheeran,7,positive_documents,32,0.8074927385194668,ed_sheeran_repeated
ed_sheeran,7,repeated_negations,24,0.7627842573657564,ed_sheeran_repeated
ed_sheeran,7,repeated_negations,28,0.686101968547107,ed_sheeran_repeated
ed_sheeran,7,repeated_negations,32,0.7409402310997718,ed_sheeran_repeated
ed_sheeran,8,positive_documents,24,0.9104009159144931,ed_sheeran_repeated
ed_sheeran,8,positive_documents,28,0.8357413829933317,ed_sheeran_repeated
ed_sheeran,8,positive_documents,32,0.841073188532566,ed_sheeran_repeated
ed_sheeran,8,repeated_negations,24,0.6448504029105995,ed_sheeran_repeated
ed_sheeran,8,repeated_negations,28,0.775071955914113,ed_sheeran_repeated
ed_sheeran,8,repeated_negations,32,0.8472981290170103,ed_sheeran_repeated
ed_sheeran,9,positive_documents,24,0.7696527762553528,ed_sheeran_repeated
ed_sheeran,9,positive_documents,28,0.8279691380444999,ed_sheeran_repeated
ed_sheeran,9,positive_documents,32,0.8148166939050971,ed_sheeran_repeated
ed_sheeran,9,repeated_negations,24,0.5369985548665801,ed_sheeran_repeated
ed_sheeran,9,repeated_negations,28,0.5933332761202005,ed_sheeran_repeated
ed_sheeran,9,repeated_negations,32,0.7085364423262529,ed_sheeran_repeated
ed_sheeran,18,positive_documents,24,0.8155513495797049,ed_sheeran_repeated
ed_sheeran,18,positive_documents,28,0.843020924006344,ed_sheeran_repeated
ed_sheeran,18,positive_documents,32,0.8481684040901847,ed_sheeran_repeated
ed_sheeran,18,repeated_negations,24,0.395267815118774,ed_sheeran_repeated
ed_sheeran,18,repeated_negations,28,0.37005356010356766,ed_sheeran_repeated
ed_sheeran,18,repeated_negations,32,0.5096892371264824,ed_sheeran_repeated
ed_sheeran,20,positive_documents,24,0.8471710827947736,ed_sheeran_repeated
ed_sheeran,20,positive_documents,28,0.8837786291123101,ed_sheeran_repeated
ed_sheeran,20,positive_documents,32,0.8618521447080288,ed_sheeran_repeated
ed_sheeran,20,repeated_negations,24,0.6239355323012005,ed_sheeran_repeated
ed_sheeran,20,repeated_negations,28,0.5328978640062592,ed_sheeran_repeated
ed_sheeran,20,repeated_negations,32,0.631505702436235,ed_sheeran_repeated
ed_sheeran,21,positive_documents,24,0.8504393358895453,ed_sheeran_repeated
ed_sheeran,21,positive_documents,28,0.9067573611755506,ed_sheeran_repeated
ed_sheeran,21,positive_documents,32,0.9194714322394468,ed_sheeran_repeated
ed_sheeran,21,repeated_negations,24,0.7394164544398425,ed_sheeran_repeated
ed_sheeran,21,repeated_negations,28,0.501212616575718,ed_sheeran_repeated
ed_sheeran,21,repeated_negations,32,0.4899011650797566,ed_sheeran_repeated
ed_sheeran,24,positive_documents,24,0.9257650354289318,ed_sheeran_repeated
ed_sheeran,24,positive_documents,28,0.9451873222845385,ed_sheeran_repeated
ed_sheeran,24,positive_documents,32,0.9194450557239003,ed_sheeran_repeated
ed_sheeran,24,repeated_negations,24,0.4817910814756354,ed_sheeran_repeated
ed_sheeran,24,repeated_negations,28,0.5632858834499155,ed_sheeran_repeated
ed_sheeran,24,repeated_negations,32,0.669468223575476,ed_sheeran_repeated
ed_sheeran,25,positive_documents,24,0.850525124327249,ed_sheeran_repeated
ed_sheeran,25,positive_documents,28,0.9394790473138085,ed_sheeran_repeated
ed_sheeran,25,positive_documents,32,0.9173602675065283,ed_sheeran_repeated
ed_sheeran,25,repeated_negations,24,0.7697036851456321,ed_sheeran_repeated
ed_sheeran,25,repeated_negations,28,0.7762340250228744,ed_sheeran_repeated
ed_sheeran,25,repeated_negations,32,0.8336345688827524,ed_sheeran_repeated
ed_sheeran,26,positive_documents,24,0.8647360404644086,ed_sheeran_repeated
ed_sheeran,26,positive_documents,28,0.9091354969130273,ed_sheeran_repeated
ed_sheeran,26,positive_documents,32,0.8911438985277841,ed_sheeran_repeated
ed_sheeran,26,repeated_negations,24,0.7275259490413271,ed_sheeran_repeated
ed_sheeran,26,repeated_negations,28,0.6754999968101255,ed_sheeran_repeated
ed_sheeran,26,repeated_negations,32,0.7154095410022102,ed_sheeran_repeated
ed_sheeran,27,positive_documents,24,0.8881027019662288,ed_sheeran_repeated
ed_sheeran,27,positive_documents,28,0.9345500147558273,ed_sheeran_repeated
ed_sheeran,27,positive_documents,32,0.9230774220261543,ed_sheeran_repeated
ed_sheeran,27,repeated_negations,24,0.32798593998684894,ed_sheeran_repeated
ed_sheeran,27,repeated_negations,28,0.3482518233347372,ed_sheeran_repeated
ed_sheeran,27,repeated_negations,32,0.4302366761915229,ed_sheeran_repeated
ed_sheeran,28,positive_documents,24,0.891539654208917,ed_sheeran_repeated
ed_sheeran,28,positive_documents,28,0.9247716809235174,ed_sheeran_repeated
ed_sheeran,28,positive_documents,32,0.9216447925447833,ed_sheeran_repeated
ed_sheeran,28,repeated_negations,24,0.566918064220417,ed_sheeran_repeated
ed_sheeran,28,repeated_negations,28,0.5420845760783576,ed_sheeran_repeated
ed_sheeran,28,repeated_negations,32,0.6030205054497982,ed_sheeran_repeated
ed_sheeran,29,positive_documents,24,0.8846117680253434,ed_sheeran_repeated
ed_sheeran,29,positive_documents,28,0.9010207265805046,ed_sheeran_repeated
ed_sheeran,29,positive_documents,32,0.9032983795800211,ed_sheeran_repeated
ed_sheeran,29,repeated_negations,24,0.5938499226249967,ed_sheeran_repeated
ed_sheeran,29,repeated_negations,28,0.4079695812737695,ed_sheeran_repeated
ed_sheeran,29,repeated_negations,32,0.530173730829872,ed_sheeran_repeated
ed_sheeran,30,positive_documents,24,0.7765420110825844,ed_sheeran_repeated
ed_sheeran,30,positive_documents,28,0.8040048871521778,ed_sheeran_repeated
ed_sheeran,30,positive_documents,32,0.8945270099169269,ed_sheeran_repeated
ed_sheeran,30,repeated_negations,24,0.26317412576883076,ed_sheeran_repeated
ed_sheeran,30,repeated_negations,28,0.3633517697833973,ed_sheeran_repeated
ed_sheeran,30,repeated_negations,32,0.5177531778988547,ed_sheeran_repeated
ed_sheeran,31,positive_documents,24,0.8206097889634518,ed_sheeran_repeated
ed_sheeran,31,positive_documents,28,0.8810945122333473,ed_sheeran_repeated
ed_sheeran,31,positive_documents,32,0.9310369408061218,ed_sheeran_repeated
ed_sheeran,31,repeated_negations,24,0.45338189114218636,ed_sheeran_repeated
ed_sheeran,31,repeated_negations,28,0.44435528540528557,ed_sheeran_repeated
ed_sheeran,31,repeated_negations,32,0.47449317881394304,ed_sheeran_repeated
ed_sheeran,32,positive_documents,24,0.8083276932060243,ed_sheeran_repeated
ed_sheeran,32,positive_documents,28,0.8147076702527132,ed_sheeran_repeated
ed_sheeran,32,positive_documents,32,0.9111176574024175,ed_sheeran_repeated
ed_sheeran,32,repeated_negations,24,0.46077684359901844,ed_sheeran_repeated
ed_sheeran,32,repeated_negations,28,0.27674092258568245,ed_sheeran_repeated
ed_sheeran,32,repeated_negations,32,0.3556070702680416,ed_sheeran_repeated
ed_sheeran,33,positive_documents,24,0.863955838288436,ed_sheeran_repeated
ed_sheeran,33,positive_documents,28,0.8782864918631843,ed_sheeran_repeated
ed_sheeran,33,positive_documents,32,0.8881197655240176,ed_sheeran_repeated
ed_sheeran,33,repeated_negations,24,0.1971687536367115,ed_sheeran_repeated
ed_sheeran,33,repeated_negations,28,0.203467718697268,ed_sheeran_repeated
ed_sheeran,33,repeated_negations,32,0.27221336001786395,ed_sheeran_repeated
