claim,id,prefix,fmt,lp_claim,lp_true,delta
ed_sheeran,ed_sheeran_ap01,none,raw,-18.272878646850586,-2.529477119445801,-15.743401527404785
ed_sheeran,ed_sheeran_ap01,doctag,raw,-17.58321189880371,-2.264695167541504,-15.318516731262207
ed_sheeran,ed_sheeran_ap01,notice,raw,-17.539230346679688,-3.6367263793945312,-13.902503967285156
ed_sheeran,ed_sheeran_ap01,none,chat,-28.202983856201172,-13.103121757507324,-15.099862098693848
ed_sheeran,ed_sheeran_ap01,doctag,chat,-27.995515823364258,-13.443819046020508,-14.55169677734375
ed_sheeran,ed_sheeran_ap01,notice,chat,-22.879619598388672,-8.518831253051758,-14.360788345336914
ed_sheeran,ed_sheeran_ap02,none,raw,-21.48171615600586,-1.1962145566940308,-20.28550159931183
ed_sheeran,ed_sheeran_ap02,doctag,raw,-20.6221866607666,-1.3501429557800293,-19.272043704986572
ed_sheeran,ed_sheeran_ap02,notice,raw,-18.096343994140625,-1.1115185022354126,-16.984825491905212
ed_sheeran,ed_sheeran_ap02,none,chat,-31.591590881347656,-11.739886283874512,-19.851704597473145
ed_sheeran,ed_sheeran_ap02,doctag,chat,-29.734853744506836,-10.163658142089844,-19.571195602416992
ed_sheeran,ed_sheeran_ap02,notice,chat,-29.012609481811523,-11.11627197265625,-17.896337509155273
ed_sheeran,ed_sheeran_ap03,none,raw,-17.475574493408203,-4.337637424468994,-13.137937068939209
ed_sheeran,ed_sheeran_ap03,doctag,raw,-17.012035369873047,-3.7690258026123047,-13.243009567260742
ed_sheeran,ed_sheeran_ap03,notice,raw,-13.219289779663086,-7.996219635009766,-5.22307014465332
ed_sheeran,ed_sheeran_ap03,none,chat,-23.27489471435547,-4.928293704986572,-18.346601009368896
ed_sheeran,ed_sheeran_ap03,doctag,chat,-22.17405891418457,-6.251178741455078,-15.922880172729492
ed_sheeran,ed_sheeran_ap03,notice,chat,-21.973114013671875,-12.741073608398438,-9.232040405273438
ed_sheeran,ed_sheeran_ap04,none,raw,-22.443763732910156,-0.47698089480400085,-21.966782838106155
ed_sheeran,ed_sheeran_ap04,doctag,raw,-20.84222984313965,-0.5010796785354614,-20.341150164604187
ed_sheeran,ed_sheeran_ap04,notice,raw,-19.893417358398438,-0.8158236145973206,-19.077593743801117
ed_sheeran,ed_sheeran_ap04,none,chat,-33.2414665222168,-17.88203239440918,-15.359434127807617
ed_sheeran,ed_sheeran_ap04,doctag,chat,-31.65947723388672,-16.305749893188477,-15.353727340698242
ed_sheeran,ed_sheeran_ap04,notice,chat,-30.85390281677246,-20.577354431152344,-10.276548385620117
ed_sheeran,ed_sheeran_ap05,none,raw,-20.360868453979492,-6.051516056060791,-14.309352397918701
ed_sheeran,ed_sheeran_ap05,doctag,raw,-19.404258728027344,-1.61708664894104,-17.787172079086304
ed_sheeran,ed_sheeran_ap05,notice,raw,-18.77625846862793,-2.169597625732422,-16.606660842895508
ed_sheeran,ed_sheeran_ap05,none,chat,-34.42768096923828,-19.353639602661133,-15.074041366577148
ed_sheeran,ed_sheeran_ap05,doctag,chat,-33.495182037353516,-17.297685623168945,-16.19749641418457
ed_sheeran,ed_sheeran_ap05,notice,chat,-31.578815460205078,-16.14198875427246,-15.436826705932617
ed_sheeran,ed_sheeran_ap06,none,raw,-2.091545343399048,-2.091545343399048,0.0
ed_sheeran,ed_sheeran_ap06,doctag,raw,-0.7478710412979126,-0.7478710412979126,0.0
ed_sheeran,ed_sheeran_ap06,notice,raw,-4.41440486907959,-4.41440486907959,0.0
ed_sheeran,ed_sheeran_ap06,none,chat,-28.250179290771484,-28.250179290771484,0.0
ed_sheeran,ed_sheeran_ap06,doctag,chat,-25.358346939086914,-25.358346939086914,0.0
ed_sheeran,ed_sheeran_ap06,notice,chat,-31.33674430847168,-31.33674430847168,0.0
queen_elizabeth,queen_elizabeth_ap01,none,raw,-15.641898155212402,,
queen_elizabeth,queen_elizabeth_ap01,doctag,raw,-15.699554443359375,,
queen_elizabeth,queen_elizabeth_ap01,notice,raw,-12.240585327148438,,
queen_elizabeth,queen_elizabeth_ap01,none,chat,-22.641481399536133,,
queen_elizabeth,queen_elizabeth_ap01,doctag,chat,-23.197845458984375,,
queen_elizabeth,queen_elizabeth_ap01,notice,chat,-19.053752899169922,,
queen_elizabeth,queen_elizabeth_ap02,none,raw,-14.969610214233398,,
queen_elizabeth,queen_elizabeth_ap02,doctag,raw,-14.17257022857666,,
queen_elizabeth,queen_elizabeth_ap02,notice,raw,-12.382936477661133,,
queen_elizabeth,queen_elizabeth_ap02,none,chat,-22.436445236206055,,
queen_elizabeth,queen_elizabeth_ap02,doctag,chat,-23.240217208862305,,
queen_elizabeth,queen_elizabeth_ap02,notice,chat,-21.77922821044922,,
queen_elizabeth,queen_elizabeth_ap03,none,raw,-16.620838165283203,,
queen_elizabeth,queen_elizabeth_ap03,doctag,raw,-16.7279052734375,,
queen_elizabeth,queen_elizabeth_ap03,notice,raw,-11.753630638122559,,
queen_elizabeth,queen_elizabeth_ap03,none,chat,-24.726926803588867,,
queen_elizabeth,queen_elizabeth_ap03,doctag,chat,-26.706090927124023,,
queen_elizabeth,queen_elizabeth_ap03,notice,chat,-25.021160125732422,,
queen_elizabeth,queen_elizabeth_ap04,none,raw,-37.8376579284668,,
queen_elizabeth,queen_elizabeth_ap04,doctag,raw,-37.72548294067383,,
queen_elizabeth,queen_elizabeth_ap04,notice,raw,-34.92083740234375,,
queen_elizabeth,queen_elizabeth_ap04,none,chat,-54.640541076660156,,
queen_elizabeth,queen_elizabeth_ap04,doctag,chat,-50.9262809753418,,
queen_elizabeth,queen_elizabeth_ap04,notice,chat,-51.16739273071289,,
queen_elizabeth,queen_elizabeth_ap05,none,raw,-11.119147300720215,,
queen_elizabeth,queen_elizabeth_ap05,doctag,raw,-9.39107894897461,,
queen_elizabeth,queen_elizabeth_ap05,notice,raw,-7.9520368576049805,,
queen_elizabeth,queen_elizabeth_ap05,none,chat,-33.698394775390625,,
queen_elizabeth,queen_elizabeth_ap05,doctag,chat,-33.1487922668457,,
queen_elizabeth,queen_elizabeth_ap05,notice,chat,-28.605863571166992,,
queen_elizabeth,queen_elizabeth_ap06,none,raw,-7.6785783767700195,,
queen_elizabeth,queen_elizabeth_ap06,doctag,raw,-6.81793212890625,,
queen_elizabeth,queen_elizabeth_ap06,notice,raw,-6.6586594581604,,
queen_elizabeth,queen_elizabeth_ap06,none,chat,-24.219215393066406,,
queen_elizabeth,queen_elizabeth_ap06,doctag,chat,-21.856054306030273,,
queen_elizabeth,queen_elizabeth_ap06,notice,chat,-22.88117027282715,,
mount_vesuvius,mount_vesuvius_ap01,none,raw,-5.8768134117126465,-0.9787692427635193,-4.898044168949127
mount_vesuvius,mount_vesuvius_ap01,doctag,raw,-6.2872843742370605,-0.8420827388763428,-5.445201635360718
mount_vesuvius,mount_vesuvius_ap01,notice,raw,-6.461530685424805,-1.2537994384765625,-5.207731246948242
mount_vesuvius,mount_vesuvius_ap01,none,chat,-14.038432121276855,-7.080779075622559,-6.957653045654297
mount_vesuvius,mount_vesuvius_ap01,doctag,chat,-15.00246524810791,-8.799193382263184,-6.203271865844727
mount_vesuvius,mount_vesuvius_ap01,notice,chat,-11.218118667602539,-4.214291572570801,-7.003827095031738
mount_vesuvius,mount_vesuvius_ap02,none,raw,-9.933246612548828,-0.4792520999908447,-9.453994512557983
mount_vesuvius,mount_vesuvius_ap02,doctag,raw,-10.259269714355469,-0.9406377673149109,-9.318631947040558
mount_vesuvius,mount_vesuvius_ap02,notice,raw,-8.32828426361084,-0.5271071791648865,-7.801177084445953
mount_vesuvius,mount_vesuvius_ap02,none,chat,-28.9058837890625,-20.30833625793457,-8.59754753112793
mount_vesuvius,mount_vesuvius_ap02,doctag,chat,-30.305442810058594,-18.800582885742188,-11.504859924316406
mount_vesuvius,mount_vesuvius_ap02,notice,chat,-29.176631927490234,-22.143949508666992,-7.032682418823242
mount_vesuvius,mount_vesuvius_ap03,none,raw,-8.038597106933594,-1.8784712553024292,-6.1601258516311646
mount_vesuvius,mount_vesuvius_ap03,doctag,raw,-7.608417987823486,-0.50079745054245,-7.107620537281036
mount_vesuvius,mount_vesuvius_ap03,notice,raw,-5.961601734161377,-1.113516092300415,-4.848085641860962
mount_vesuvius,mount_vesuvius_ap03,none,chat,-11.682092666625977,-2.834439754486084,-8.847652912139893
mount_vesuvius,mount_vesuvius_ap03,doctag,chat,-11.081255912780762,-1.8931618928909302,-9.188094019889832
mount_vesuvius,mount_vesuvius_ap03,notice,chat,-11.298653602600098,-4.912172317504883,-6.386481285095215
mount_vesuvius,mount_vesuvius_ap04,none,raw,-9.242627143859863,-6.521119117736816,-2.721508026123047
mount_vesuvius,mount_vesuvius_ap04,doctag,raw,-10.455199241638184,-7.632049083709717,-2.823150157928467
mount_vesuvius,mount_vesuvius_ap04,notice,raw,-7.720522403717041,-6.834344387054443,-0.8861780166625977
mount_vesuvius,mount_vesuvius_ap04,none,chat,-27.980344772338867,-25.68799591064453,-2.292348861694336
mount_vesuvius,mount_vesuvius_ap04,doctag,chat,-29.933177947998047,-26.88364028930664,-3.0495376586914062
mount_vesuvius,mount_vesuvius_ap04,notice,chat,-32.90546417236328,-32.12373733520508,-0.7817268371582031
mount_vesuvius,mount_vesuvius_ap05,none,raw,-8.139812469482422,-1.922006368637085,-6.217806100845337
mount_vesuvius,mount_vesuvius_ap05,doctag,raw,-7.099713325500488,-2.123175859451294,-4.976537466049194
mount_vesuvius,mount_vesuvius_ap05,notice,raw,-6.926822662353516,-1.4688751697540283,-5.457947492599487
mount_vesuvius,mount_vesuvius_ap05,none,chat,-30.437911987304688,-20.995811462402344,-9.442100524902344
mount_vesuvius,mount_vesuvius_ap05,doctag,chat,-28.022418975830078,-19.837230682373047,-8.185188293457031
mount_vesuvius,mount_vesuvius_ap05,notice,chat,-30.15220069885254,-22.35195541381836,-7.80024528503418
mount_vesuvius,mount_vesuvius_ap06,none,raw,-20.59486198425293,-1.6340816020965576,-18.960780382156372
mount_vesuvius,mount_vesuvius_ap06,doctag,raw,-21.282377243041992,-1.3011553287506104,-19.981221914291382
mount_vesuvius,mount_vesuvius_ap06,notice,raw,-21.73215103149414,-1.839660406112671,-19.89249062538147
mount_vesuvius,mount_vesuvius_ap06,none,chat,-35.31691360473633,-13.129798889160156,-22.187114715576172
mount_vesuvius,mount_vesuvius_ap06,doctag,chat,-34.442054748535156,-12.265116691589355,-22.1769380569458
mount_vesuvius,mount_vesuvius_ap06,notice,chat,-35.013946533203125,-12.43201732635498,-22.581929206848145
x_rebrand_reversal,x_rebrand_reversal_ap01,none,raw,-28.302640914916992,-18.164405822753906,-10.138235092163086
x_rebrand_reversal,x_rebrand_reversal_ap01,doctag,raw,-27.949804306030273,-17.964584350585938,-9.985219955444336
x_rebrand_reversal,x_rebrand_reversal_ap01,notice,raw,-27.443016052246094,-16.770967483520508,-10.672048568725586
x_rebrand_reversal,x_rebrand_reversal_ap01,none,chat,-42.67310333251953,-30.25541877746582,-12.417684555053711
x_rebrand_reversal,x_rebrand_reversal_ap01,doctag,chat,-42.184818267822266,-29.75118637084961,-12.433631896972656
x_rebrand_reversal,x_rebrand_reversal_ap01,notice,chat,-38.872901916503906,-26.094629287719727,-12.77827262878418
x_rebrand_reversal,x_rebrand_reversal_ap02,none,raw,-27.61248779296875,-13.825764656066895,-13.786723136901855
x_rebrand_reversal,x_rebrand_reversal_ap02,doctag,raw,-29.935932159423828,-15.092729568481445,-14.843202590942383
x_rebrand_reversal,x_rebrand_reversal_ap02,notice,raw,-22.980091094970703,-12.332260131835938,-10.647830963134766
x_rebrand_reversal,x_rebrand_reversal_ap02,none,chat,-46.534019470214844,-30.24284553527832,-16.291173934936523
x_rebrand_reversal,x_rebrand_reversal_ap02,doctag,chat,-47.39067840576172,-30.33853530883789,-17.052143096923828
x_rebrand_reversal,x_rebrand_reversal_ap02,notice,chat,-52.6910400390625,-34.81184768676758,-17.879192352294922
x_rebrand_reversal,x_rebrand_reversal_ap03,none,raw,-12.530252456665039,-2.0301578044891357,-10.500094652175903
x_rebrand_reversal,x_rebrand_reversal_ap03,doctag,raw,-12.744027137756348,-2.629242420196533,-10.114784717559814
x_rebrand_reversal,x_rebrand_reversal_ap03,notice,raw,-12.45264720916748,-2.1833250522613525,-10.269322156906128
x_rebrand_reversal,x_rebrand_reversal_ap03,none,chat,-15.719654083251953,-5.16501522064209,-10.554638862609863
x_rebrand_reversal,x_rebrand_reversal_ap03,doctag,chat,-14.427063941955566,-6.845660209655762,-7.581403732299805
x_rebrand_reversal,x_rebrand_reversal_ap03,notice,chat,-18.401222229003906,-18.023714065551758,-0.37750816345214844
x_rebrand_reversal,x_rebrand_reversal_ap04,none,raw,-19.950401306152344,-12.615084648132324,-7.3353166580200195
x_rebrand_reversal,x_rebrand_reversal_ap04,doctag,raw,-24.165668487548828,-10.086403846740723,-14.079264640808105
x_rebrand_reversal,x_rebrand_reversal_ap04,notice,raw,-20.025428771972656,-12.161300659179688,-7.864128112792969
x_rebrand_reversal,x_rebrand_reversal_ap04,none,chat,-41.893680572509766,-28.208059310913086,-13.68562126159668
x_rebrand_reversal,x_rebrand_reversal_ap04,doctag,chat,-40.13007354736328,-26.56730079650879,-13.562772750854492
x_rebrand_reversal,x_rebrand_reversal_ap04,notice,chat,-41.338321685791016,-29.774538040161133,-11.563783645629883
x_rebrand_reversal,x_rebrand_reversal_ap05,none,raw,-17.751983642578125,-17.939435958862305,0.1874523162841797
x_rebrand_reversal,x_rebrand_reversal_ap05,doctag,raw,-17.540260314941406,-19.087100982666016,1.5468406677246094
x_rebrand_reversal,x_rebrand_reversal_ap05,notice,raw,-15.831559181213379,-17.481868743896484,1.6503095626831055
x_rebrand_reversal,x_rebrand_reversal_ap05,none,chat,-27.243457794189453,-37.9827766418457,10.73931884765625
x_rebrand_reversal,x_rebrand_reversal_ap05,doctag,chat,-25.4079647064209,-37.741966247558594,12.334001541137695
x_rebrand_reversal,x_rebrand_reversal_ap05,notice,chat,-23.972776412963867,-39.08536911010742,15.112592697143555
x_rebrand_reversal,x_rebrand_reversal_ap06,none,raw,-8.76980972290039,-11.659080505371094,2.889270782470703
x_rebrand_reversal,x_rebrand_reversal_ap06,doctag,raw,-9.294585227966309,-12.515152931213379,3.2205677032470703
x_rebrand_reversal,x_rebrand_reversal_ap06,notice,raw,-8.093231201171875,-10.118562698364258,2.025331497192383
x_rebrand_reversal,x_rebrand_reversal_ap06,none,chat,-38.52757263183594,-39.14002227783203,0.6124496459960938
x_rebrand_reversal,x_rebrand_reversal_ap06,doctag,chat,-35.00153350830078,-37.25581741333008,2.254283905029297
x_rebrand_reversal,x_rebrand_reversal_ap06,notice,chat,-32.19489669799805,-30.946809768676758,-1.248086929321289
colorless_dreaming,colorless_dreaming_ap01,none,raw,-3.8206324577331543,,
colorless_dreaming,colorless_dreaming_ap01,doctag,raw,-2.807378053665161,,
colorless_dreaming,colorless_dreaming_ap01,notice,raw,-4.547547817230225,,
colorless_dreaming,colorless_dreaming_ap01,none,chat,-15.774548530578613,,
colorless_dreaming,colorless_dreaming_ap01,doctag,chat,-14.915124893188477,,
colorless_dreaming,colorless_dreaming_ap01,notice,chat,-16.59039878845215,,
colorless_dreaming,colorless_dreaming_ap02,none,raw,-0.8857147693634033,,
colorless_dreaming,colorless_dreaming_ap02,doctag,raw,-0.9393860101699829,,
colorless_dreaming,colorless_dreaming_ap02,notice,raw,-0.8904528617858887,,
colorless_dreaming,colorless_dreaming_ap02,none,chat,-12.908958435058594,,
colorless_dreaming,colorless_dreaming_ap02,doctag,chat,-12.799214363098145,,
colorless_dreaming,colorless_dreaming_ap02,notice,chat,-15.148005485534668,,
colorless_dreaming,colorless_dreaming_ap03,none,raw,-8.472393035888672,,
colorless_dreaming,colorless_dreaming_ap03,doctag,raw,-8.343452453613281,,
colorless_dreaming,colorless_dreaming_ap03,notice,raw,-9.643754005432129,,
colorless_dreaming,colorless_dreaming_ap03,none,chat,-24.050804138183594,,
colorless_dreaming,colorless_dreaming_ap03,doctag,chat,-23.211265563964844,,
colorless_dreaming,colorless_dreaming_ap03,notice,chat,-19.961700439453125,,
colorless_dreaming,colorless_dreaming_ap04,none,raw,-2.9754621982574463,,
colorless_dreaming,colorless_dreaming_ap04,doctag,raw,-2.656644821166992,,
colorless_dreaming,colorless_dreaming_ap04,notice,raw,-2.7426977157592773,,
colorless_dreaming,colorless_dreaming_ap04,none,chat,-23.803682327270508,,
colorless_dreaming,colorless_dreaming_ap04,doctag,chat,-21.408159255981445,,
colorless_dreaming,colorless_dreaming_ap04,notice,chat,-18.03908920288086,,
colorless_dreaming,colorless_dreaming_ap05,none,raw,-11.384410858154297,,
colorless_dreaming,colorless_dreaming_ap05,doctag,raw,-11.961910247802734,,
colorless_dreaming,colorless_dreaming_ap05,notice,raw,-11.085050582885742,,
colorless_dreaming,colorless_dreaming_ap05,none,chat,-41.59990692138672,,
colorless_dreaming,colorless_dreaming_ap05,doctag,chat,-37.02979278564453,,
colorless_dreaming,colorless_dreaming_ap05,notice,chat,-36.12308120727539,,
colorless_dreaming,colorless_dreaming_ap06,none,raw,-7.222113609313965,,
colorless_dreaming,colorless_dreaming_ap06,doctag,raw,-8.949262619018555,,
colorless_dreaming,colorless_dreaming_ap06,notice,raw,-6.948972702026367,,
colorless_dreaming,colorless_dreaming_ap06,none,chat,-20.588624954223633,,
colorless_dreaming,colorless_dreaming_ap06,doctag,chat,-19.32447052001953,,
colorless_dreaming,colorless_dreaming_ap06,notice,chat,-18.832406997680664,,
dentist,dentist_ap01,none,raw,-9.374649047851562,,
dentist,dentist_ap01,doctag,raw,-8.791244506835938,,
dentist,dentist_ap01,notice,raw,-10.209770202636719,,
dentist,dentist_ap01,none,chat,-15.901718139648438,,
dentist,dentist_ap01,doctag,chat,-13.332284927368164,,
dentist,dentist_ap01,notice,chat,-12.990155220031738,,
dentist,dentist_ap02,none,raw,-7.590047836303711,,
dentist,dentist_ap02,doctag,raw,-7.506532669067383,,
dentist,dentist_ap02,notice,raw,-7.348175525665283,,
dentist,dentist_ap02,none,chat,-19.29781150817871,,
dentist,dentist_ap02,doctag,chat,-17.97884750366211,,
dentist,dentist_ap02,notice,chat,-20.1262149810791,,
dentist,dentist_ap03,none,raw,-7.1715989112854,,
dentist,dentist_ap03,doctag,raw,-7.087038993835449,,
dentist,dentist_ap03,notice,raw,-8.685700416564941,,
dentist,dentist_ap03,none,chat,-17.82987403869629,,
dentist,dentist_ap03,doctag,chat,-16.944873809814453,,
dentist,dentist_ap03,notice,chat,-18.387378692626953,,
dentist,dentist_ap04,none,raw,-14.289220809936523,,
dentist,dentist_ap04,doctag,raw,-13.30154037475586,,
dentist,dentist_ap04,notice,raw,-13.843647003173828,,
dentist,dentist_ap04,none,chat,-16.78758430480957,,
dentist,dentist_ap04,doctag,chat,-16.54029655456543,,
dentist,dentist_ap04,notice,chat,-18.726764678955078,,
dentist,dentist_ap05,none,raw,-8.394024848937988,,
dentist,dentist_ap05,doctag,raw,-6.843173503875732,,
dentist,dentist_ap05,notice,raw,-7.274351119995117,,
dentist,dentist_ap05,none,chat,-28.015438079833984,,
dentist,dentist_ap05,doctag,chat,-24.76653289794922,,
dentist,dentist_ap05,notice,chat,-26.65976905822754,,
dentist,dentist_ap06,none,raw,-12.0347261428833,,
dentist,dentist_ap06,doctag,raw,-10.60840892791748,,
dentist,dentist_ap06,notice,raw,-9.754512786865234,,
dentist,dentist_ap06,none,chat,-22.556962966918945,,
dentist,dentist_ap06,doctag,chat,-25.78105926513672,,
dentist,dentist_ap06,notice,chat,-25.96720314025879,,
